{"cameraMode":{"drawMode":0,"name":"Shaded","section":"Shading Mode"},"sceneLighting":true,"audioPlay":false,"sceneViewState":{"m_AlwaysRefresh":false,"showFog":true,"showSkybox":true,"showFlares":true,"showImageEffects":true,"showParticleSystems":true,"showVisualEffectGraphs":true,"m_FxEnabled":true},"in2DMode":false,"pivot":{"x":-1.1233872175216675,"y":2.154515266418457,"z":-0.0030455589294433595},"rotation":{"x":-0.05505165457725525,"y":0.9447979927062988,"z":-0.21953414380550385,"w":-0.23692330718040467},"size":1.7727515697479249,"orthographic":false}